{"cameraMode":{"drawMode":0,"name":"Shaded","section":"Shading Mode"},"sceneLighting":false,"audioPlay":false,"sceneViewState":{"showFog":true,"showMaterialUpdate":false,"showSkybox":false,"showFlares":true,"showImageEffects":true,"showParticleSystems":true,"showVisualEffectGraphs":true,"m_FxEnabled":true},"in2DMode":false,"pivot":{"x":4.506199359893799,"y":0.3419092893600464,"z":-4.947288513183594},"rotation":{"x":0.028917470946907998,"y":0.9640725255012512,"z":-0.23624148964881898,"w":0.11800921708345413},"size":0.4508281946182251,"orthographic":false}