{"cameraMode":{"drawMode":0,"name":"Shaded","section":"Shading Mode"},"sceneLighting":true,"audioPlay":false,"sceneViewState":{"showFog":true,"showMaterialUpdate":false,"showSkybox":true,"showFlares":true,"showImageEffects":true,"showParticleSystems":true,"showVisualEffectGraphs":true,"m_FxEnabled":true},"in2DMode":false,"pivot":{"x":3.890353202819824,"y":0.0073699951171875,"z":-6.584020614624023},"rotation":{"x":0.028917470946907998,"y":0.9640725255012512,"z":-0.23624148964881898,"w":0.11800921708345413},"size":2.3927245140075685,"orthographic":false}