{"cameraMode":{"drawMode":0,"name":"Shaded","section":"Shading Mode"},"sceneLighting":true,"audioPlay":false,"sceneViewState":{"showFog":true,"showMaterialUpdate":false,"showSkybox":true,"showFlares":true,"showImageEffects":true,"showParticleSystems":true,"showVisualEffectGraphs":true,"m_FxEnabled":true},"in2DMode":false,"pivot":{"x":2.2262516021728517,"y":1.8691781759262086,"z":-8.584094047546387},"rotation":{"x":0.0003130426921416074,"y":0.9995822906494141,"z":0.011685721576213837,"w":-0.02669348567724228},"size":4.728800296783447,"orthographic":false}