{"cameraMode":{"drawMode":0,"name":"Shaded","section":"Shading Mode"},"sceneLighting":true,"audioPlay":false,"sceneViewState":{"showFog":true,"showMaterialUpdate":false,"showSkybox":true,"showFlares":true,"showImageEffects":true,"showParticleSystems":true,"showVisualEffectGraphs":true,"m_FxEnabled":true},"in2DMode":false,"pivot":{"x":10.05140495300293,"y":0.6171172857284546,"z":-3.4819774627685549},"rotation":{"x":-0.01299911830574274,"y":0.7354316711425781,"z":0.014115370810031891,"w":0.6773391962051392},"size":3.5288000106811525,"orthographic":false}