{"cameraMode":{"drawMode":0,"name":"Shaded","section":"Shading Mode"},"sceneLighting":true,"audioPlay":false,"sceneViewState":{"showFog":true,"showMaterialUpdate":false,"showSkybox":true,"showFlares":true,"showImageEffects":true,"showParticleSystems":true,"showVisualEffectGraphs":true,"m_FxEnabled":true},"in2DMode":false,"pivot":{"x":4.001784324645996,"y":-0.002321004867553711,"z":-6.734112739562988},"rotation":{"x":0.025722498074173929,"y":0.9701009392738342,"z":-0.11875574290752411,"w":0.2101202756166458},"size":2.0920960903167726,"orthographic":false}