{"cameraMode":{"drawMode":0,"name":"Shaded","section":"Shading Mode"},"sceneLighting":true,"audioPlay":false,"sceneViewState":{"showFog":true,"showMaterialUpdate":false,"showSkybox":true,"showFlares":true,"showImageEffects":true,"showParticleSystems":true,"showVisualEffectGraphs":true,"m_FxEnabled":true},"in2DMode":false,"pivot":{"x":13.650899887084961,"y":-0.9894630908966065,"z":12.191730499267579},"rotation":{"x":0.04357687011361122,"y":0.34768322110176089,"z":-0.01617896556854248,"w":0.9364596009254456},"size":10.550346374511719,"orthographic":false}