{"cameraMode":{"drawMode":0,"name":"Shaded","section":"Shading Mode"},"sceneLighting":true,"audioPlay":false,"sceneViewState":{"showFog":true,"showMaterialUpdate":false,"showSkybox":true,"showFlares":true,"showImageEffects":true,"showParticleSystems":true,"showVisualEffectGraphs":true,"m_FxEnabled":true},"in2DMode":false,"pivot":{"x":-0.5676307678222656,"y":1.5363597869873047,"z":7.4379353523254398},"rotation":{"x":0.26084890961647036,"y":0.6055319309234619,"z":-0.21966485679149629,"w":0.7190597653388977},"size":6.065110683441162,"orthographic":false}