{"cameraMode":{"drawMode":0,"name":"Shaded","section":"Shading Mode"},"sceneLighting":true,"audioPlay":false,"sceneViewState":{"showFog":true,"showMaterialUpdate":false,"showSkybox":true,"showFlares":true,"showImageEffects":true,"showParticleSystems":true,"showVisualEffectGraphs":true,"m_FxEnabled":true},"in2DMode":false,"pivot":{"x":-0.2971087098121643,"y":0.90092533826828,"z":12.790261268615723},"rotation":{"x":-0.0077510555274784569,"y":0.6745461225509644,"z":0.007082868367433548,"w":0.7381598949432373},"size":0.41937118768692019,"orthographic":false}