{"cameraMode":{"drawMode":0,"name":"Shaded","section":"Shading Mode"},"sceneLighting":false,"audioPlay":false,"sceneViewState":{"showFog":true,"showMaterialUpdate":false,"showSkybox":false,"showFlares":true,"showImageEffects":true,"showParticleSystems":true,"showVisualEffectGraphs":true,"m_FxEnabled":true},"in2DMode":false,"pivot":{"x":0.4588216543197632,"y":0.04105536639690399,"z":-0.385509729385376},"rotation":{"x":0.17336386442184449,"y":0.8204834461212158,"z":-0.32581090927124026,"w":0.436583548784256},"size":0.12635381519794465,"orthographic":false}