{"cameraMode":{"drawMode":0,"name":"Shaded","section":"Shading Mode"},"sceneLighting":false,"audioPlay":false,"sceneViewState":{"showFog":false,"showMaterialUpdate":false,"showSkybox":false,"showFlares":false,"showImageEffects":false,"showParticleSystems":false,"showVisualEffectGraphs":true,"m_FxEnabled":true},"in2DMode":false,"pivot":{"x":0.006150528788566589,"y":0.7258963584899902,"z":0.054355189204216},"rotation":{"x":0.025722498074173929,"y":0.9701009392738342,"z":-0.11875574290752411,"w":0.2101202756166458},"size":0.8952301740646362,"orthographic":false}