{"cameraMode":{"drawMode":0,"name":"Shaded","section":"Shading Mode"},"sceneLighting":false,"audioPlay":false,"sceneViewState":{"showFog":true,"showMaterialUpdate":false,"showSkybox":false,"showFlares":true,"showImageEffects":true,"showParticleSystems":true,"showVisualEffectGraphs":true,"m_FxEnabled":true},"in2DMode":false,"pivot":{"x":2.322988986968994,"y":0.17579978704452516,"z":-0.6181890964508057},"rotation":{"x":-0.03874903544783592,"y":-0.6271620988845825,"z":0.03126446530222893,"w":-0.7772980332374573},"size":0.34272024035453799,"orthographic":false}