{"cameraMode":{"drawMode":0,"name":"Shaded","section":"Shading Mode"},"sceneLighting":false,"audioPlay":false,"sceneViewState":{"showFog":false,"showMaterialUpdate":false,"showSkybox":false,"showFlares":false,"showImageEffects":false,"showParticleSystems":false,"showVisualEffectGraphs":true,"m_FxEnabled":true},"in2DMode":false,"pivot":{"x":0.00001990795135498047,"y":0.09801910817623139,"z":-0.0004801172763109207},"rotation":{"x":0.0562802217900753,"y":0.8568176031112671,"z":-0.09576787799596787,"w":0.5035231709480286},"size":0.1451808363199234,"orthographic":false}